"id","name","side","avg_bat_speed","swing_tilt","attack_angle","attack_direction","ideal_attack_angle_rate","avg_intercept_y_vs_plate","avg_intercept_y_vs_batter","avg_batter_y_position","avg_batter_x_position","competitive_swings"
519317,"Stanton, Giancarlo","R","80.986945891",27.05528639959537,9.123526607090204,-2.4953492554965395,0.6007751937984495,0.8255111461498399,26.56968048412961,25.744169337979766,33.6031278632375,1548
665833,"Cruz, Oneil","L","78.654185215",33.188333371498764,8.758917270708045,-7.00826803305805,0.4477876106194689,8.332501429881482,35.326219118960495,26.993717689079027,27.551491043650618,1695
656941,"Schwarber, Kyle","L","77.355462846",29.819476439601072,13.74441677810983,-5.563785368613453,0.656769596199525,10.126857072802167,32.347251915432274,22.220394842630114,26.026774740073783,2526
666176,"Adell, Jo","R","77.311628853",33.28156233845097,6.6413197111824935,-5.070125510115432,0.47196261682242985,0.21501096709747958,25.918602199877892,25.70359123278041,28.395574480445735,1926
592450,"Judge, Aaron","R","76.97121337",39.584525665971725,14.457911721836263,-5.284474881714649,0.5130581297388374,1.977635323705094,30.46969411566932,28.4920587919642,33.536974346443564,2374
670541,"Alvarez, Yordan","L","76.503359919",35.230210869912966,9.353749158366638,-5.7194488993256645,0.42510876320696084,9.987142147823118,36.32256891460304,26.335426766779925,27.737566650513628,1609
677594,"Rodríguez, Julio","R","76.501375899",32.520467175623146,7.519714942068931,-2.6074515995887424,0.4725079815537424,11.819617489402102,33.34824708166711,21.528629592265005,29.733319696241182,2819
660271,"Ohtani, Shohei","L","76.241391624",35.916884882719344,13.119128520957638,-1.869210488591887,0.5219399538106239,-1.9959367886661643,27.23850135648411,29.23443814515028,30.655952293931556,2598
665489,"Guerrero Jr., Vladimir","R","76.100081222",27.962085952382022,2.225738613945313,-2.9307672533583218,0.3327828241123038,5.388892371060197,33.48604721978321,28.097154848723005,29.05457300549996,2422
575929,"Contreras, Willson","R","75.981747698",32.087944569543836,9.728608173127343,-1.9185562409288954,0.4884896125772038,7.857612231711459,27.947707301660877,20.090095069949427,30.454041303846505,1781
666624,"Morel, Christopher","R","75.978646774",27.549518690293706,13.787318147800466,-6.985726524315579,0.7217300677436161,6.2625080023113116,33.59069654555616,27.32818854324484,27.452989133187902,1919
656305,"Chapman, Matt","R","75.798619516",26.170429103179593,6.355109088461262,-3.287412474189167,0.5407166123778503,-1.930331811919353,26.94089336692015,28.871225178839516,30.075247312978682,2149
663586,"Riley, Austin","R","75.748661591",32.765523935700216,10.010143701645918,-3.6573884547532067,0.4648829431438126,5.768342888693776,35.016010239313964,29.247667350620173,28.183408816870067,2093
683002,"Henderson, Gunnar","L","75.74195179",30.41532890793992,8.729125264112433,2.1781009603949752,0.49221645663454405,6.784283736073317,32.66818449163549,25.88390075556218,25.887829246420555,2698
663624,"Mountcastle, Ryan","R","75.365520324",36.9619095536903,5.606398212215261,0.9084534781685563,0.3676092544987147,0.13141712867907285,26.38146890960323,26.25005178092415,30.929761442717307,1945
624413,"Alonso, Pete","R","75.328437398",32.57874784588502,10.590933888920304,-2.070040761380922,0.5758275596612779,5.418267376837341,29.81898318149306,24.400715804655736,28.075183314031726,2598
660821,"Sánchez, Jesús","L","75.314996257",29.605156631871193,7.377315348948002,1.1420081555807131,0.490215264187867,6.156960455188266,32.836330693346916,26.67937023815868,29.14491834835779,2044
673357,"Robert Jr., Luis","R","75.267585532",36.07824566830162,11.16923970237894,-4.088380793468729,0.516506922257721,-1.9237682857010068,29.144964609339457,31.068732895040466,26.992874155616732,1878
682985,"Greene, Riley","L","75.262222446",44.01547568398677,12.98121171435484,1.1705258803345722,0.43119640669661086,4.019521777066135,32.02945900866835,28.009937231602205,23.93872939562473,2449
682829,"De La Cruz, Elly","R","75.159576018",34.77808309107394,8.420201151347895,0.42730507966081444,0.4929522317932656,7.647735317728484,36.1601514233809,28.512416105652427,29.781337699987063,2554
592518,"Machado, Manny","R","75.142566468",25.966315591176897,7.064758250472566,-0.7256246832220697,0.5382022471910114,6.749716757080363,31.083823079023386,24.33410632194301,31.27783510524867,2670
624585,"Soler, Jorge","R","75.058137006",33.62661007196914,10.054213465041451,-8.326389810529777,0.5575581395348838,0.6477690079823577,28.632470704482785,27.984701696500426,29.449159547745136,1720
669394,"Burger, Jake","R","74.994347076",24.212982411252682,8.34428157392774,-6.0164975418782465,0.5546950629235236,9.469474347169188,32.59866928605999,23.12919493889081,32.04422679975083,2066
663728,"Raleigh, Cal","R","74.920444867",32.990923497654904,17.190374577520817,-7.957485573670296,0.4614853195164075,7.952393691672618,36.55473589287064,28.602342201198027,24.99115757578237,2895
672356,"Arias, Gabriel","R","74.915655083",29.012026453830426,8.7666770893818,1.8072393614718483,0.5000000000000001,3.5282215045520275,33.009612305723536,29.481390801171507,34.25340346378021,1574
621439,"Buxton, Byron","R","74.822236382",33.99187332487529,14.290833922042253,-7.883418285406617,0.5771055753262155,4.364177809136198,28.662507822998112,24.298330013861925,27.243454113941336,1686
677951,"Witt Jr., Bobby","R","74.622154437",29.52755562248173,5.5819305607000285,-1.059301261827546,0.4819540648924536,0.818180002445663,28.892868935210217,28.074688932764534,24.80257030767251,2743
696100,"Goodman, Hunter","R","74.619944309",24.845713938044646,12.23009206362874,-7.557739960869777,0.6312419974391804,11.293751477531675,39.51336404567406,28.219612568142402,29.47128008986416,1562
572233,"Walker, Christian","R","74.609473474",30.017815870996987,8.783805162969465,-4.314934464543945,0.4882903981264635,2.5707050549124966,31.208186687044954,28.637481632132456,27.00597559961328,2562
671218,"Ramos, Heliot","R","74.558654156",32.09816803669341,7.118602945301782,2.271508643867979,0.4710462287104622,2.365659382446025,27.183421471704193,24.817762089258153,27.864742080358702,2055
665742,"Soto, Juan","L","74.534911945",27.434523912031167,11.150103795857456,3.3814075448488854,0.622064687638458,-0.8246083962955779,24.344850143099098,25.169458539394682,30.016871930203955,2257
662139,"Varsho, Daulton","L","74.406797609",31.091466334166377,12.223643813537032,-3.758795951196393,0.570388349514563,-1.8315951237419648,28.26123127859595,30.092826402337902,26.624595668441646,1648
547180,"Harper, Bryce","L","74.353663932",35.87323772792942,11.5880750916322,-1.3371184374154546,0.45219737856592146,9.100990026225206,32.31789963131886,23.21690960509365,29.130090695887986,2594
671739,"Harris II, Michael","L","74.317814855",30.18555605306051,6.681663117480789,-0.9665801742656397,0.48936170212765945,0.2875712785925094,31.070558351664715,30.782987073072196,29.504132218345877,2303
677800,"Abreu, Wilyer","L","74.313461681",31.639222628281967,10.517174907010348,-2.113791408951374,0.5582524271844658,1.0710255663501016,31.564503651671718,30.493478085321623,26.834769949523533,1648
621043,"Correa, Carlos","R","74.197019877",32.3877444584679,7.7307118252732785,-1.619347321778126,0.43749999999999994,2.5773989428884634,28.150303327587633,25.572904384699164,29.125168015197396,1792
680776,"Duran, Jarren","L","74.117309242",28.283737277529696,4.733016080243658,1.6237447540323589,0.40189612530915086,1.2924573363614595,29.244853982295076,27.952396645933614,30.637355611758345,2426
669127,"Langeliers, Shea","R","74.083651111",29.85418654221475,11.964304376650974,-4.356268762353689,0.6273946360153256,8.819646547421208,35.65658804449971,26.8369414970785,29.66496249245263,2088
682998,"Carroll, Corbin","L","74.039760663",24.58631779034098,8.306113360225522,-1.2710051058483065,0.585426101276245,5.813687243739951,35.75076132976452,29.937074086024552,29.251295298409982,2429
621566,"Olson, Matt","L","74.038146687",34.21152064661932,8.514962517448167,-0.2939362357025578,0.4661354581673307,2.599289654646246,33.24125175957668,30.641962104930432,30.163991819698104,3012
671732,"Butler, Lawrence","L","73.952008135",31.109384581326438,5.936520634256814,0.3543902239994271,0.4201723264064877,2.928404984688578,29.087549153160392,26.159144168471833,30.840111058328905,1973
661388,"Contreras, William","R","73.944180281",28.506908231277933,10.197017434374127,2.3423276439435825,0.6450019004180919,1.7064321072920086,30.640949453207828,28.934517345915825,27.84963774941209,2631
606466,"Marte, Ketel","R","73.941932885",32.86333564019611,9.27740609321071,-6.304607824906325,0.5648496240601504,4.913343134387729,36.06870874581177,31.15536561142402,23.84939850508614,2128
665487,"Tatis Jr., Fernando","R","73.933524846",30.385179610081863,9.766908682445804,0.6814613732486492,0.5862068965517244,4.461859420991101,30.01739184293867,25.55553242194757,29.12915971833782,2204
624424,"Conforto, Michael","L","73.886317002",31.891097736104953,11.286119901960774,0.1908309160431439,0.5142231947483589,1.8700616847005527,28.58477532999549,26.714713645294925,29.07114016206821,1828
542303,"Ozuna, Marcell","R","73.793905508",36.64369313252238,14.399447586764124,-1.7657503417252542,0.5279999999999997,-2.440635461739839,32.518920044889676,34.95955550662954,26.971846813617294,2500
694671,"Langford, Wyatt","R","73.791954263",32.43308089029228,14.117099897209716,-3.712689360845461,0.5189283634245777,3.8297977373700944,32.57760033036381,28.747802592993715,27.654527841383146,1717
679529,"Torkelson, Spencer","R","73.694580649",34.99838826999661,12.073255581567564,-8.17928093103823,0.5239190432382707,0.44773945658855185,30.68085889397998,30.233119437391423,26.872456173415845,2174
657757,"Sheets, Gavin","L","73.655340458",28.63805614327439,7.784274308625809,-7.151685782766949,0.4974849094567405,1.4502993790290073,31.415305812625597,29.96500643359659,29.06261016041962,1988
667670,"Rooker, Brent","R","73.607563092",36.2129375352324,12.096809364780215,-5.605060255800141,0.45776892430278876,2.642628803521933,33.51996815907908,30.877339355557133,26.91921028379454,2510
664040,"Lowe, Brandon","L","73.594808568",34.3088028121679,14.927224474140713,-3.2226108370636894,0.4806730331969074,7.222147501962488,34.783799891976116,27.561652390013613,26.305416626118735,2199
694192,"Chourio, Jackson","R","73.541309714",26.783644667384124,7.2664577638442704,2.376577747533343,0.5777537796976243,3.4584938788699398,28.26761900232538,24.80912512345544,29.866496576034105,1852
681297,"Cowser, Colton","L","73.502401818",39.038638105876984,14.384135782629052,-0.827795972670144,0.4384268214055449,7.695858137525456,34.96167616980848,27.265818032283008,28.606573103934565,1551
650490,"Díaz, Yandy","R","73.492829002",25.051532552016802,3.2995197645056553,6.791522931754679,0.3808267370272649,1.0768488065528783,30.243285626265884,29.16643681971301,28.532381351595323,2274
592885,"Yelich, Christian","L","73.366183266",36.04520487648583,9.441715483063184,5.99736244456341,0.43410852713178294,-0.4892703000428352,27.150503373015493,27.639773673058336,29.555111168967706,1935
666160,"Moniak, Mickey","L","73.3648452",34.011450714741,12.33748855346389,-4.042889545607786,0.4879201680672269,3.3569878159231523,29.233364059936914,25.876376244013763,31.1726079203182,1904
606192,"Hernández, Teoscar","R","73.291737353",32.75247886279785,10.27694479423494,0.08539600371858813,0.5278953443632165,-0.07260845181635528,30.39994081844286,30.47254927025923,29.27989915667639,2599
669911,"Toglia, Michael","R","73.281554314",35.43995019380713,14.595428771667416,-2.9762588094018203,0.4159690920798452,3.3632671101017575,28.424265834330555,25.060998724228803,30.62136348287155,1553
663993,"Lowe, Nathaniel","L","73.208846256",30.35917458958664,6.692868615513425,8.238178150178905,0.47733768885259314,0.3839323915859538,27.654490730162777,27.27055833857683,30.256760079562376,2449
502054,"Pham, Tommy","R","73.160775258",27.77994056077492,7.642745427246398,0.8012118784201487,0.501480165778567,1.4712444834540415,31.62893488123323,30.157690397779184,27.95297760208148,1689
669357,"Gorman, Nolan","L","73.13342284",35.22780675365092,16.56560842246861,-1.705582891648247,0.4752351097178682,1.2162863406874171,33.38034119574506,32.164054855057614,28.570938523824598,1595
666139,"Lowe, Josh","L","73.062340785",36.22189116560896,7.935860740756539,-0.2781570125640772,0.45907990314769975,7.2878321470548935,30.641176751438195,23.35334460438331,30.5132710464701,2065
641857,"McMahon, Ryan","L","73.046042517",38.47485682640452,10.460690283433307,3.06537137181788,0.43376318874560355,1.9179231988407355,24.235962066915974,22.318038868075227,32.71821993083502,2559
673548,"Suzuki, Seiya","R","73.038183",30.816916237902117,6.804718065645369,-1.4349390065697047,0.4758771929824561,4.271607893139933,32.93774887663356,28.666140983493637,28.52301398079086,2280
521692,"Perez, Salvador","R","73.024505064",34.52385431028343,13.065142659499545,-5.89894359861769,0.5515858549033902,0.18104039964542937,29.756707957365975,29.57566755772055,27.454699171852024,2743
663457,"Nootbaar, Lars","L","72.948788348",29.015038727865957,8.872620237655877,-1.8243342336809467,0.5492102065613609,2.6148951353339696,32.66393388271807,30.049038747384103,27.838322894241767,1646
665862,"Chisholm Jr., Jazz","L","72.917894626",34.24256883049572,15.00929692544756,-3.7275283826237358,0.5454117647058825,4.022736460802613,29.90341835547325,25.880681894670644,25.672627589535885,2125
680777,"Jeffers, Ryan","R","72.853994251",29.56197455576155,10.054442067314355,-3.7373530804675985,0.5368608799048753,2.436310396633331,30.05390759425996,27.61759719762664,27.22285443078511,1682
623993,"Santander, Anthony","R","72.847599976",26.354823060071208,7.644486315646669,-7.141728405717994,0.510184746565609,11.689871931638915,33.185637418082194,21.495765486443283,26.159997764917133,2111
669224,"Wells, Austin","L","72.837997625",33.34399893478468,10.888608578391235,-4.083399323720031,0.48842874543239956,-0.6655496196824044,29.75387709743914,30.41942671712154,24.884723857797805,1642
543807,"Springer, George","R","72.783220403",33.881760482179516,11.545455078442998,0.0246743568288309,0.5449202350965576,-4.0901532242172545,22.182579255955734,26.272732480172973,28.158895049516847,2382
681624,"Pages, Andy","R","72.776356425",40.82248331874827,8.642719846841757,-4.030411536121317,0.49280767181672885,-0.1165034209078745,30.818687553549793,30.935190974457658,29.616686644119003,1877
642715,"Adames, Willy","R","72.768847269",34.456483069458315,16.820859677817143,-2.70989270646185,0.5315660969654695,0.18408294722049312,30.9789867734602,30.794903826239715,30.447350275241924,2867
607043,"Nimmo, Brandon","L","72.738616092",29.00195593765542,6.418982971092889,0.9047985933419997,0.4849550605705354,-0.03545270583253111,27.39807942977305,27.433532135605574,31.35684151975194,2559
592663,"Realmuto, J.T.","R","72.695396704",35.188258705769215,13.459106533381053,1.4869299846112713,0.5176411290322575,-3.3091593062751454,27.964050667266807,31.27320997354197,27.735600114972218,1984
668227,"Arozarena, Randy","R","72.586450136",25.17035312206448,9.249515403749086,-0.4284711703999207,0.656099518459069,11.894831710840041,31.838920585431012,19.944088874590978,24.32849975655666,2492
673237,"Diaz, Yainer","R","72.565686714",29.67433271531011,10.866083566053726,2.6986081286668293,0.5859309182813813,2.2097525721508173,31.68060835063983,29.470855778489028,27.922400113196463,2374
502671,"Goldschmidt, Paul","R","72.459662789",32.11729800008443,10.054517641388903,2.889553041164855,0.5148475120385235,-4.721425239334865,20.184560074542258,24.905985313877125,34.513073456372865,2492
665161,"Peña, Jeremy","R","72.311798796",30.382118731044486,9.85250425978003,-5.643532762137438,0.567081011573082,-0.1307255512740862,28.93625868204511,29.06698423331921,27.3560064509151,2333
666969,"García, Adolis","R","72.298512102",29.111337052306244,10.057219110483658,-1.587903000174067,0.6021335440537336,3.2488316563225674,32.14287695980749,28.894045303484912,25.92013222439706,2531
608369,"Seager, Corey","L","72.276010553",34.01434355054408,12.906095577975567,0.4217719733677728,0.5296803652968036,6.601889538962585,33.232193618422855,26.630304079460288,28.03307961055854,1971
553993,"Suárez, Eugenio","R","72.260796651",38.57376482842999,17.996877139982256,-3.9077358719081627,0.48133086876155307,11.676020446103784,33.72999059564308,22.053970149539285,24.37929401445595,2705
646240,"Devers, Rafael","L","72.256296908",28.7937476669757,9.299593018469052,4.762952909948516,0.599785790789004,7.897276529863132,29.29386416031508,21.396587630451958,25.94907496628607,2801
664056,"Bader, Harrison","R","72.241023829",25.149063603331662,11.658535092744078,-5.89885966586186,0.5195177956371986,7.069006303236742,33.63581439104753,26.56680808781078,27.398918872774587,1742
686469,"Pasquantino, Vinnie","L","72.163822263",29.681476099026426,9.6878350598346,-8.213984809610299,0.5657492354740062,3.476956800505929,31.384152289177536,27.9071954886716,30.731261703446958,1962
682928,"Abrams, CJ","L","72.1610792",28.1674529105423,11.281139147964266,-2.637697145317759,0.5876610698945722,3.797466424066066,30.814627748112112,27.017161324046036,29.8761980456053,2561
657656,"Laureano, Ramón","R","72.154179693",35.82503847720855,15.449409900502689,0.22384606780829613,0.4610668301655426,3.481787286683851,32.90474890100167,29.42296161431781,29.5512631525593,1631
647304,"Naylor, Josh","L","72.110203034",30.167367192993655,8.008033546786564,-7.691730220192785,0.4482915717539865,1.3754795219311713,26.07552329145394,24.70004376952279,27.077324825340828,2195
666134,"Jones, Nolan","L","72.105987925",36.43924615497917,7.39630431153541,1.6337537833537363,0.4163955757970071,4.419117011957374,31.22583693109263,26.80671991913527,27.38450900220923,1537
701538,"Merrill, Jackson","L","72.087824947",37.45330109963713,7.834910526115725,0.9408634484652147,0.44544491525423746,0.7199343906937469,26.657526788170752,25.937592397477015,28.177648465132204,1888
672820,"Sosa, Lenyn","R","72.0854739",33.28321426686514,9.484624751988097,2.167452595621639,0.5273660205245155,0.3068671015179236,30.65469241949055,30.347825317972625,27.535498607414883,1754
656811,"O'Hearn, Ryan","L","72.077212686",32.79465890378206,9.932743171402544,1.389896839280934,0.435367611725132,0.09847521370115597,26.372510298162815,26.274035084461676,29.87979340344279,2081
663656,"Tucker, Kyle","L","72.028268338",35.214186990040034,11.163666001905154,-7.738320969958532,0.47875201721355554,-1.714562543498953,27.326796922544588,29.04135946604353,29.579758072777928,1859
669720,"Hays, Austin","R","72.023566236",29.840977328030753,13.305622662295303,-4.340940830236561,0.6400791034937375,21.395909840335545,34.151358432581915,12.755448592246376,30.2300979543679,1517
664761,"Bohm, Alec","R","71.996904089",30.59135853975049,6.126550547221945,3.178368961239296,0.4955710955710955,2.7270455779751543,28.19862370155078,25.471578123575632,29.392154167970276,2145
664023,"Happ, Ian","R","71.972975724",32.503239566880495,9.949556371045944,-4.0186967487832534,0.45472136222910226,3.558782784258363,33.300492847842996,29.741710063584634,28.529297294158237,2584
691718,"Crow-Armstrong, Pete","L","71.951679243",35.10728592454198,14.416317039913006,-1.9594473533863832,0.49445005045408646,5.314856292710247,34.80999846768968,29.495142174979385,26.45915126226144,1982
671277,"García Jr., Luis","L","71.947984052",29.073409702065312,10.338092146890824,-0.38153837296104137,0.6138040042149633,3.65453722504109,31.947283419719138,28.292746194678053,29.142510902943847,1898
650559,"De La Cruz, Bryan","R","71.911758889",38.262452608400594,13.108710535029049,0.856020899227143,0.5358024691358024,0.9469251479843894,28.70319865272595,27.75627350474156,27.54758996745746,1620
668901,"Vientos, Mark","R","71.88863008",32.24576175149904,14.989603906350647,1.181357529645803,0.5933654360620653,2.3623327115406902,29.298321829478507,26.935989117937826,29.08210939339391,1869
605137,"Bell, Josh","R","71.864806854",34.3109021184721,9.508292940230909,-0.6814541645725548,0.5640123185217775,-4.927898730646027,25.260279387784824,30.188178118430848,28.20895695496292,2273
457705,"McCutchen, Andrew","R","71.863138355",33.90804011885761,13.635315696170252,-0.5757204387256172,0.5501839201261166,-4.955214216620031,25.23897838215715,30.194192598777185,28.64967128123141,1903
668709,"Bleday, JJ","L","71.79054209",30.697290291614266,12.758065557783336,-8.54392262604962,0.5336159903089037,4.297065740793241,31.828316109327236,27.531250368534,31.24687298431981,1651
663697,"India, Jonathan","R","71.78574133",28.909113770711727,8.741175040572676,-2.987782193600692,0.5457033388067873,0.8686205337730103,30.194782618154413,29.326162084381394,27.692982568713184,1827
663647,"Hayes, Ke'Bryan","R","71.693165722",26.638188651796916,3.946567083822728,1.1833813876663095,0.4081996434937612,2.3179392418358287,34.68299728901774,32.36505804718192,25.86785750056411,1683
669016,"Marsh, Brandon","L","71.65418343",39.39578281741627,9.828209934746907,0.7345207383134384,0.41456077015643794,0.3006546656828414,27.854733742802072,27.554079077119223,29.464138774472836,1662
657557,"DeJong, Paul","R","71.651209492",35.104976861369366,15.83377901101292,-2.6946537290076398,0.5510835913312692,5.347671168318702,32.43466151904476,27.086990350726072,27.140410555039697,1615
680869,"Gelof, Zack","R","71.635736004",34.13732711437151,16.810928870640907,1.888437347921767,0.529080675422139,5.15054247139301,27.53899396791174,22.388451496518726,29.241779199868304,1599
666310,"Naylor, Bo","L","71.618901869",31.164233810047765,12.49473937309209,-5.699754185762394,0.5160314579552329,6.590969179009379,33.997450457324156,27.406481278314782,30.190540269865906,1653
571771,"Hernández, Enrique","R","71.61316268",28.860295614840833,8.264185621820937,-3.0423389228906714,0.49057920446615483,3.87742967661892,31.49877179671223,27.621342120093303,29.293850939109735,1433
607208,"Turner, Trea","R","71.598225937",28.73332935332713,10.05786162253884,-4.730584922918753,0.6094127111826229,2.9749317733345317,31.08069380722687,28.10576203389234,28.378324835671542,2486
596146,"Kepler, Max","L","71.568229184",31.269846011360062,7.451652027318849,-7.4949218423174555,0.4547368421052632,-0.999143070107535,32.998049290394235,33.99719236050177,29.822989899088572,1900
668804,"Reynolds, Bryan","R","71.563665807",38.045126488267485,12.910473697578551,0.7543349194898064,0.4681620839363243,1.5860083991733527,28.65918069159931,27.073172292425976,27.16239741368041,2764
676475,"Burleson, Alec","L","71.560256894",32.60295633267035,9.912738281411482,0.7997473020912902,0.5577290076335878,-4.378444269470686,30.213609864504754,34.59205413397544,22.859199173164708,2096
596019,"Lindor, Francisco","R","71.555914778",33.72203776862489,11.814106254967545,-2.1178291733130488,0.5447387258410884,3.3272352648785994,30.037409884671916,26.71017461979332,25.930160858203525,2794
678662,"Tovar, Ezequiel","R","71.54622725",36.32555758242893,10.33732037162109,-1.5353559753338564,0.47280334728033435,2.4836629923164253,30.300969013346723,27.81730602103028,24.799666501677287,2629
467793,"Santana, Carlos","R","71.50524899",26.829661583206263,12.059799811025577,-5.133513156334905,0.6333333333333335,7.438911593490511,34.015731459641444,26.576819866150927,27.31009482597084,2100
641487,"Crawford, J.P.","L","71.484580232",35.7178486468508,6.162094285729804,-0.3911496742864325,0.396584440227704,2.3319377341423557,37.32017403970518,34.98823630556284,27.281762478927774,2108
592206,"Castellanos, Nick","R","71.434897634",39.51706686848073,14.21935798193905,-5.254433064954211,0.47212294496068585,2.254477804042379,31.373918607263267,29.119440803220883,28.409621607250497,2798
681481,"Carpenter, Kerry","L","71.412012441",34.6122778534193,16.73720715571779,1.0965527013294214,0.5041322314049586,-6.908362716410064,25.05136313905355,31.95972585546361,29.328360221106774,1815
595777,"Profar, Jurickson","R","71.354862591",31.958927197373946,9.517972759298326,-4.265523071048705,0.5237045203969127,1.5696086099328455,32.06816680454396,30.498558194611107,26.386409332486064,1814
621020,"Swanson, Dansby","R","71.324850868",35.03146501617785,15.099048657969405,-0.8748996100296665,0.581180100269957,0.671944835207109,31.830374990772967,31.15843015556585,27.55364425033039,2593
672386,"Kirk, Alejandro","R","71.320720378",24.19149667064453,7.39217187170123,4.143534317177656,0.5389688249400479,7.806746963381769,29.93192957279498,22.12518260941322,31.65514579034226,1668
668715,"Steer, Spencer","R","71.269603094",28.75731937571855,10.763619228910368,-5.08383008193921,0.5495311863024868,4.179178278885515,32.738157460200725,28.558979181315195,26.19646872033135,2453
665750,"Taveras, Leody","R","71.257167458",31.928508842926885,6.148064355168387,-4.225306852990881,0.3784135240572172,1.6052033224905626,31.657596801272327,30.052393478781763,28.214696547015016,1538
672640,"Lopez, Otto","R","71.252484169",30.239169120805613,6.80155118853553,-0.49037599960564277,0.4836433611289287,0.6479180775696942,29.91666287757874,29.268744800009046,28.242507670513834,1559
593428,"Bogaerts, Xander","R","71.250517857",31.578372609412263,10.000421205117192,-4.9172943605068244,0.5310077519379844,16.039135941252848,33.64336844732599,17.60423250607314,29.159629588155738,1806
571970,"Muncy, Max","L","71.24541057",34.40149419628293,17.382166417181608,-4.759443518852546,0.48002958579881644,10.282704117212994,37.3217402247756,27.03903610756261,28.808934538219678,1352
650489,"Castro, Willi","R","71.195104806",37.39083552085041,8.308770403337908,-5.217620321353258,0.44479213232007153,1.0414156061544704,31.80283965959696,30.761424053442465,23.648729960583513,2237
664034,"France, Ty","R","71.190810009",34.824475109095914,12.471920291145414,4.237822189447141,0.49774977497749795,-0.5710741830692481,27.892362751093884,28.46343693416315,26.294920924712226,2222
672275,"Bailey, Patrick","R","71.157802259",33.401698449451544,8.627436313694696,-1.9434802482854094,0.4451754385964912,2.4157269768311878,29.426290550711904,27.01056357388072,28.988271710098143,1824
681351,"O'Hoppe, Logan","R","71.13401685",33.19236594489137,15.507706804542552,-3.730540029390434,0.5338266384778015,8.494106773023889,34.91823795359769,26.424131180573784,27.645817677150973,1892
608070,"Ramírez, José","R","71.120424228",29.947797018909895,9.111260759587138,-9.177909112802014,0.6065451840833024,3.0881898807943977,32.41667609703784,29.328486216243437,22.829745648325723,2689
571448,"Arenado, Nolan","R","71.093136522",33.50734853394024,11.162414390062036,-7.598739650455773,0.557487922705314,4.233572249381177,34.107458339681415,29.873886090300275,29.103576206190812,2070
656775,"Mullins, Cedric","L","71.057862819",29.124392879296426,10.939005544366013,-5.398974979259386,0.6179775280898877,-2.2084799013773173,28.663071103056144,30.871551004433453,24.703157081525056,1958
672580,"Garcia, Maikel","R","71.047765058",27.863565327369777,5.086424322602768,3.6406805980751766,0.4756831866604912,2.690076037532607,33.18955193061356,30.499475893080934,26.412969193868385,2159
690993,"Keith, Colt","L","71.035331854",32.96308293669294,10.008957650224357,-1.1351774481059997,0.4694267515923567,5.8977718205254686,30.469271425487992,24.57149960496253,29.06162828683061,1570
573262,"Yastrzemski, Mike","L","71.0013866",30.991638416659807,11.70727443480351,-2.1912161933526852,0.6637649619151251,1.4130187519335549,30.21747144156924,28.80445268963567,24.654735755656528,1838
687263,"Neto, Zach","R","70.996493353",36.218724968181824,16.477292237791282,-5.692832300726044,0.5194363459669581,14.316950201067465,35.11381021877158,20.79686001770412,22.069381817252484,2058
608324,"Bregman, Alex","R","70.974338418",28.398441180514062,12.643105069300216,-3.2525005716891338,0.6757546251217138,2.56711603693776,30.91566257023798,28.34854653330023,25.6366344849019,2054
686668,"Doyle, Brenton","R","70.915277836",31.150261014292578,12.527424003534549,0.8691762222807533,0.6385819521178638,1.598349693538649,26.19090066775155,24.592550974212894,28.610801482910272,2172
596115,"Story, Trevor","R","70.909603369",30.065468395311267,10.305376024437855,-3.664789977486377,0.47842639593908626,9.003741195187622,34.679651572913485,25.675910377725856,29.76394551392811,1576
606115,"Arcia, Orlando","R","70.88128211",26.018793736219365,7.947288003594741,-2.6239594577772616,0.6116676487919861,1.5971241718493445,29.786605386993113,28.18948121514377,26.916546701189183,1697
683011,"Volpe, Anthony","R","70.847359703",32.56335382095524,10.637245084592973,5.113737122743349,0.6174257425742575,-3.128603642954374,26.362860700801505,29.491464343755865,28.848079591707513,2525
676059,"Westburg, Jordan","R","70.774956747",30.2857858480839,10.746791887677812,-2.5919712697109656,0.620418848167539,8.404643216807548,31.650587727259712,23.24594451045217,31.928589116869066,1528
683734,"Vaughn, Andrew","R","70.624047237",29.054212753022664,9.06453842098935,-3.8290603657308573,0.5431157694140069,-0.2633308306949351,30.93483800670392,31.19816883739884,29.104270145499367,2099
686681,"Massey, Michael","L","70.607958549",32.477395380781616,12.825775365549369,-6.468487872297787,0.6005204944697462,5.524625581100587,31.995187517252646,26.470561936152045,27.5180468354844,1537
593871,"Polanco, Jorge","R","70.510171413",34.12091912229466,11.814987403139012,-8.845462907663526,0.5152000000000001,5.232716392559484,32.50260222563038,27.2698858330709,27.260873634658736,1875
678882,"Rafaela, Ceddanne","R","70.458658189",32.91726401482753,12.617966111563936,-0.7761588355068638,0.5462256149279049,2.7732127977076138,33.40995872985513,30.636745932147527,26.695403494678978,2358
666971,"Gurriel Jr., Lourdes","R","70.457343642",36.084153420149505,9.341652145625083,-4.34763497145987,0.4932795698924733,0.869057984915076,29.790030947414124,28.920972962499054,26.103349417734993,2232
691026,"Winn, Masyn","R","70.452359498",28.93651723333466,5.215074701364676,-2.510386659338235,0.415311004784689,0.42799181208637516,33.26219583288729,32.83420402080091,23.051444196800198,2090
650402,"Torres, Gleyber","R","70.430003728",34.33622922620008,9.214579702199371,4.2893917930599255,0.5486583900680819,-1.209639059071248,31.105001096621823,32.314640155693056,26.95816485188424,2497
666158,"Lux, Gavin","L","70.378406195",33.229166775916326,10.713857429043044,3.092778750360863,0.46657842488418266,-1.0852049790678546,32.327044843857195,33.412249822925055,26.95030387925114,1511
518692,"Freeman, Freddie","L","69.962386092",42.97001096625948,8.926315851780378,1.4287961617599814,0.4291573452647276,-2.72288833682551,26.50146419983705,29.224352536662547,30.171682989294418,2682
683737,"Busch, Michael","L","69.953981055",37.32230780201672,16.09222021804902,-0.24117089985772475,0.46929133858267713,2.0891346683086596,32.5476423655552,30.458507697246542,26.69381589515157,1905
630105,"Cronenworth, Jake","L","69.893421714",32.372428506764535,6.753477775193014,0.4348332172720772,0.359883438562409,-5.192499574369349,29.635455580508683,34.82795515487804,27.100289512678188,2059
650859,"Rengifo, Luis","R","69.841862724",33.62163310137375,8.370019074870392,2.1689731864775244,0.5091954022988504,9.19795426942697,27.6375855352379,18.439631265810938,26.146475454605223,1740
670770,"Friedl, TJ","L","69.739804449",28.206013755346426,9.037952784620947,-8.53784242709311,0.598183881952327,9.489099140526234,41.42001803111776,31.930918890591524,24.767490635345425,1762
514888,"Altuve, Jose","R","69.710851512",29.91520807631212,16.045221084689587,-4.285351409514917,0.5132631578947368,16.506415232856213,28.498976903852373,11.992561670996155,30.227222151823256,2375
641355,"Bellinger, Cody","L","69.687168369",32.509203097785246,12.958647445343669,-2.8501882747370675,0.5992141453831044,-2.1716025615175583,30.696637741494186,32.86824030301174,22.955813370373644,2545
666182,"Bichette, Bo","R","69.660541963",37.86925019701045,4.192964091044267,1.4214202265364024,0.3386243386243389,-3.588685522850949,24.6911338041165,28.27981932696745,24.713548285902068,1890
621493,"Ward, Taylor","R","69.64631345",31.664887121241968,9.14399664293354,-1.3756276842016422,0.5347621536853111,1.0055253474731805,32.41435183014232,31.40882648266916,26.71181431353715,1913
668939,"Rutschman, Adley","R","69.626195028",36.19393936428216,9.832589102591646,-1.2305979270887693,0.48771929824561433,-1.4755731150055296,26.305574662183652,27.78114777718918,26.48047022947548,1995
669701,"Smith, Josh","L","69.599216095",36.87265545632478,10.677698845143633,-3.2042106094708327,0.44139650872817965,-0.06711421013398564,32.50367637293219,32.57079058306615,27.622187749025876,2005
680977,"Donovan, Brendan","L","69.480326554",30.17000030809919,7.6327482482658615,1.4405605041869667,0.49034523112931533,-1.4961305960718432,25.75521403905069,27.251344635122543,27.81334331344991,1709
605141,"Betts, Mookie","R","69.475458966",34.74783941172438,9.600780177347932,-5.265831787199259,0.5485411140583556,8.41904309446674,33.66544195328604,25.246398858819266,27.970074591260733,1885
641680,"Heim, Jonah","R","69.423352394",28.79560496224584,11.250377835956886,0.6406515829914303,0.5929919137466305,0.2643474748134656,29.52452735694185,29.260179882128394,31.239131748074033,1855
643446,"McNeil, Jeff","L","69.4014942",32.83715309800801,8.201041869070977,-4.52197277230092,0.4749391727493916,0.02377155200637163,30.068003537125907,30.044231985119545,25.542022745005262,2055
645277,"Albies, Ozzie","R","69.228320206",34.42558435330662,12.989302758023895,-5.64249028223642,0.5875682486350272,2.2463629791695032,36.903630311518256,34.65726733234879,21.38046061061848,2381
643289,"Dubón, Mauricio","R","69.050223177",30.974922211874297,5.108464092667558,1.7247567709355642,0.44367015098722407,2.869624378115065,27.071683376197154,24.202058998082094,28.80271323283097,1722
643565,"Tauchman, Mike","L","69.014146046",34.25429639068597,6.541310166651702,3.2020767004088815,0.42381246144355345,-1.869892205227303,29.596187679455284,31.466079884682575,31.069273602205232,1621
665926,"Giménez, Andrés","L","68.682050589",31.853587341758985,9.69978780177993,0.9343561101762579,0.5029213483146072,4.9332240274418515,30.01412657771033,25.08090255026848,28.80583684442933,2225
669257,"Smith, Will","R","68.665604214",34.53231402926204,11.69298097043814,0.8264552434160792,0.6123911930363548,-1.8253274820828875,31.016282834697584,32.84161031678049,27.829076394844172,1953
681082,"Stott, Bryson","L","68.611100985",32.308289702031644,6.844109246532922,3.019122077292159,0.49309392265193347,1.932133574325196,27.090263958414468,25.158130384089258,24.93265154704158,2172
668930,"Turang, Brice","L","68.561666225",30.540589353229247,4.368545852437015,6.180306293050282,0.36690647482014416,3.8637461520520366,32.08284059974074,28.219094447688715,25.97420946919198,2363
543760,"Semien, Marcus","R","68.45040499",33.263766402234545,14.274592196858405,-5.213287663121895,0.5764031134780827,3.32873657681351,30.637769160392818,27.309032583579313,23.698365931407963,2441
663538,"Hoerner, Nico","R","68.419346922",32.9409895605796,5.2828365303133245,-1.4400603710372195,0.45385266723116,-2.1279802039485403,27.6264698987189,29.75445010266742,27.418502586707007,2362
670623,"Paredes, Isaac","R","68.40807685",32.53740363575507,14.941401253299862,-16.388085063340753,0.5465867158671589,6.305565795611728,38.2831625587445,31.977596763132766,25.299352639892,2168
643217,"Benintendi, Andrew","L","68.087657475",33.59626763317379,13.838449247687729,-0.6261415317035584,0.5555555555555556,1.7972686445071413,33.16828493584711,31.371016291339973,22.47334040999809,2016
656716,"McKinstry, Zach","L","67.543776075",37.835734607238166,11.199323196354937,0.45473202008715463,0.42824730572887104,0.9662615274808211,28.26769255815743,27.3014310306766,25.388808922139305,1763
672695,"Perdomo, Geraldo","R","67.458063654",35.35555974867667,8.158103372901397,-1.6215062630826191,0.49777530589543934,7.5297918074036945,24.6850434154435,17.155251608039812,26.009836909688925,1798
686217,"Frelick, Sal","L","67.313079195",28.783050645914198,7.064823019474387,-0.4132218534410764,0.4649947753396029,-3.822715506978019,25.797321700383637,29.620037207361655,28.297572400513353,1914
676391,"Clement, Ernie","R","67.172301821",32.76839199317415,11.113402071688636,-3.190898319123614,0.5829707893101306,8.961944347270892,31.310730970050333,22.34878662277943,27.491865574856313,1609
643396,"Kiner-Falefa, Isiah","R","66.907962626",31.965268659615827,5.485189211894862,2.462672659028206,0.40854047163798607,1.753829278475467,30.474601069834943,28.720771791359482,27.44402119915166,1569
624428,"Frazier, Adam","L","66.261162375",38.25555667548325,11.10810295902264,1.0103649738318017,0.46722907203114866,4.024217943676833,24.661543576244032,20.637325632567208,22.223759070416445,1541
694384,"Schanuel, Nolan","L","66.213903668",38.80993832144312,8.951491541824693,0.24965031377192068,0.464385866517106,-1.6022643508077095,28.964858732913306,30.567123083721015,23.30229817438083,1783
457759,"Turner, Justin","R","65.663079674",34.58799969426476,9.589463950420864,-0.20774812346845883,0.5225563909774436,5.67191376856703,37.609640352519754,31.937726583952724,21.658928255560074,1596
680757,"Kwan, Steven","L","64.010165513",35.54085163435132,3.091158388276565,-2.0668185569594835,0.34746987951807234,4.880289177041186,28.889855479988256,24.009566302947064,22.882982523645012,2075
650333,"Arraez, Luis","L","63.054079042",37.967170332447154,6.704600677386461,4.682552309079342,0.43631778058007564,-1.8412320214926032,31.90672818102218,33.74796020251477,25.555743852251837,2379